{
  "sheetsById": {
    "Scene": {
      "staticOverrides": {
        "byObject": {
          "Camera": {
            "position": {
              "x": -245.8414590885222,
              "y": 37.3980808041117,
              "z": 135.1060050738506
            },
            "fov": 45.00000000000009,
            "far": 50000,
            "zoom": 1.0000000000000064,
            "near": 9.999999999999835,
            "scale": {
              "x": 0.01,
              "y": 0.01,
              "z": 0.01
            },
            "rotation": {
              "x": -0.12826943282786263,
              "y": -0.06554367716632056,
              "z": -0.10700937085662397
            }
          }
        }
      },
      "sequence": {
        "subUnitsPerUnit": 30,
        "length": 1000,
        "type": "PositionalSequence",
        "tracksByObject": {
          "Camera": {
            "trackData": {
              "wIjmAfpKue": {
                "type": "BasicKeyframedTrack",
                "__debugName": "Camera:[\"position\",\"x\"]",
                "keyframes": [
                  {
                    "id": "XNBAOPkMlW",
                    "position": 0,
                    "connectedRight": true,
                    "handles": [
                      0.5,
                      1,
                      0.5,
                      0
                    ],
                    "type": "bezier",
                    "value": -240.20065799511872
                  },
                  {
                    "id": "1oWazL1Jgz",
                    "position": 2.633,
                    "connectedRight": true,
                    "handles": [
                      0.5,
                      1,
                      0.5,
                      0
                    ],
                    "type": "bezier",
                    "value": -242.31294415100493
                  },
                  {
                    "id": "kBtC5nTkSc",
                    "position": 17.967,
                    "connectedRight": true,
                    "handles": [
                      0.5,
                      1,
                      0.5,
                      0
                    ],
                    "type": "bezier",
                    "value": -350.70002509833563
                  },
                  {
                    "id": "q8heBERH7N",
                    "position": 93.8,
                    "connectedRight": true,
                    "handles": [
                      0.5,
                      1,
                      0.5,
                      0
                    ],
                    "type": "bezier",
                    "value": -350.69842164986585
                  },
                  {
                    "id": "pVvPQY2csC",
                    "position": 239.667,
                    "connectedRight": true,
                    "handles": [
                      0.5,
                      1,
                      0.5,
                      0
                    ],
                    "type": "bezier",
                    "value": -347.1968859019721
                  },
                  {
                    "id": "ZSerITDqXL",
                    "position": 276.133,
                    "connectedRight": true,
                    "handles": [
                      0.5,
                      1,
                      0.5,
                      0
                    ],
                    "type": "bezier",
                    "value": -321.86215668754363
                  },
                  {
                    "id": "dSR2Hc7HHI",
                    "position": 294.367,
                    "connectedRight": true,
                    "handles": [
                      0.5,
                      1,
                      0.5,
                      0
                    ],
                    "type": "bezier",
                    "value": -320.71945826182343
                  },
                  {
                    "id": "JBmE-YYv6K",
                    "position": 358.2,
                    "connectedRight": true,
                    "handles": [
                      0.5,
                      1,
                      0.5,
                      0
                    ],
                    "type": "bezier",
                    "value": -320.71945826182343
                  },
                  {
                    "id": "YRRklltk9c",
                    "position": 440.233,
                    "connectedRight": true,
                    "handles": [
                      0.5,
                      1,
                      0.5,
                      0
                    ],
                    "type": "bezier",
                    "value": -263.2116289869027
                  },
                  {
                    "id": "m9YorXoYBD",
                    "position": 494.933,
                    "connectedRight": true,
                    "handles": [
                      0.5,
                      1,
                      0.5,
                      0
                    ],
                    "type": "bezier",
                    "value": -260.53142223747517
                  }
                ]
              },
              "WBocIfW3tT": {
                "type": "BasicKeyframedTrack",
                "__debugName": "Camera:[\"position\",\"y\"]",
                "keyframes": [
                  {
                    "id": "Xch_2Fn_xs",
                    "position": 0,
                    "connectedRight": true,
                    "handles": [
                      0.5,
                      1,
                      0.5,
                      0
                    ],
                    "type": "bezier",
                    "value": 43.15788552526183
                  },
                  {
                    "id": "dOhpia45Ow",
                    "position": 2.633,
                    "connectedRight": true,
                    "handles": [
                      0.5,
                      1,
                      0.5,
                      0
                    ],
                    "type": "bezier",
                    "value": 43.15788552526183
                  },
                  {
                    "id": "o_xtxmtmMc",
                    "position": 17.967,
                    "connectedRight": true,
                    "handles": [
                      0.5,
                      1,
                      0.5,
                      0
                    ],
                    "type": "bezier",
                    "value": 43.15788552526183
                  },
                  {
                    "id": "Qp0tqtIAyg",
                    "position": 93.8,
                    "connectedRight": true,
                    "handles": [
                      0.5,
                      1,
                      0.5,
                      0
                    ],
                    "type": "bezier",
                    "value": 43.15788552526183
                  },
                  {
                    "id": "NEHWvysvL_",
                    "position": 239.667,
                    "connectedRight": true,
                    "handles": [
                      0.5,
                      1,
                      0.5,
                      0
                    ],
                    "type": "bezier",
                    "value": 43.15788552526183
                  },
                  {
                    "id": "p8SvsHLuPJ",
                    "position": 276.133,
                    "connectedRight": true,
                    "handles": [
                      0.5,
                      1,
                      0.5,
                      0
                    ],
                    "type": "bezier",
                    "value": 43.15788552526183
                  },
                  {
                    "id": "HV9StazStR",
                    "position": 294.367,
                    "connectedRight": true,